{"epoch": 10, "loss": 0.05580015038140118, "_timestamp": 1725957310.5230987, "_runtime": 8.261390686035156, "_step": 9, "_wandb": {"runtime": 7}}